no,title,permalink,symbol,isTop,isDc,image,demoUrl1,demoUrl2,desc,provider
1,Sweet Bonanza,,vs20fruitsw,FALSE,TRUE,,https://demogamesfree.pragmaticplay.net/gs2c/openGame.do?lang=id&cur=IDR&gameSymbol=vs20fruitsw,https://demogamesfree-asia.pragmaticplay.net/gs2c/openGame.do?lang=id&cur=IDR&gameSymbol=vs20fruitsw,des1,provider1
2,Gates of Olympus,,vs20olympgate,FALSE,TRUE,,https://demogamesfree.pragmaticplay.net/gs2c/openGame.do?lang=id&cur=IDR&gameSymbol=vs20olympgate,https://demogamesfree-asia.pragmaticplay.net/gs2c/openGame.do?lang=id&cur=IDR&gameSymbol=vs20olympgate,des2,provider2
3,Starlight Princess,,vs20starlight,FALSE,TRUE,,https://demogamesfree.pragmaticplay.net/gs2c/openGame.do?lang=id&cur=IDR&gameSymbol=vs20starlight,https://demogamesfree-asia.pragmaticplay.net/gs2c/openGame.do?lang=id&cur=IDR&gameSymbol=vs20starlight,des3,provider3
4,Big Bass Bonanza,,vs10bbbonanza,FALSE,FALSE,,https://demogamesfree.pragmaticplay.net/gs2c/openGame.do?lang=id&cur=IDR&gameSymbol=vs10bbbonanza,https://demogamesfree-asia.pragmaticplay.net/gs2c/openGame.do?lang=id&cur=IDR&gameSymbol=vs10bbbonanza,des4,provider4
5,Bigger Bass Bonanza,,vs12bbb,FALSE,FALSE,,https://demogamesfree.pragmaticplay.net/gs2c/openGame.do?lang=id&cur=IDR&gameSymbol=vs12bbb,https://demogamesfree-asia.pragmaticplay.net/gs2c/openGame.do?lang=id&cur=IDR&gameSymbol=vs12bbb,des5,provider5
6,Fruit Party,,vs20fruitparty,FALSE,FALSE,,https://demogamesfree.pragmaticplay.net/gs2c/openGame.do?lang=id&cur=IDR&gameSymbol=vs20fruitparty,https://demogamesfree-asia.pragmaticplay.net/gs2c/openGame.do?lang=id&cur=IDR&gameSymbol=vs20fruitparty,des6,provider6
7,Floating Dragon Hold and Spin,,vs10floatdrg,FALSE,FALSE,,https://demogamesfree.pragmaticplay.net/gs2c/openGame.do?lang=id&cur=IDR&gameSymbol=vs10floatdrg,https://demogamesfree-asia.pragmaticplay.net/gs2c/openGame.do?lang=id&cur=IDR&gameSymbol=vs10floatdrg,des7,provider7
8,Gems Bonanza,,vs20goldfever,FALSE,FALSE,,https://demogamesfree.pragmaticplay.net/gs2c/openGame.do?lang=id&cur=IDR&gameSymbol=vs20goldfever,https://demogamesfree-asia.pragmaticplay.net/gs2c/openGame.do?lang=id&cur=IDR&gameSymbol=vs20goldfever,des8,provider8
9,Wild West Gold,,vs40wildwest,FALSE,FALSE,,https://demogamesfree.pragmaticplay.net/gs2c/openGame.do?lang=id&cur=IDR&gameSymbol=vs40wildwest,https://demogamesfree-asia.pragmaticplay.net/gs2c/openGame.do?lang=id&cur=IDR&gameSymbol=vs40wildwest,des9,provider9
10,Release the Kraken,,vs20kraken,FALSE,FALSE,,https://demogamesfree.pragmaticplay.net/gs2c/openGame.do?lang=id&cur=IDR&gameSymbol=vs20kraken,https://demogamesfree-asia.pragmaticplay.net/gs2c/openGame.do?lang=id&cur=IDR&gameSymbol=vs20kraken,des10,provider10
11,Sweet Bonanza Xmas,,vs20sbxmas,FALSE,TRUE,,https://demogamesfree.pragmaticplay.net/gs2c/openGame.do?lang=id&cur=IDR&gameSymbol=vs20sbxmas,https://demogamesfree-asia.pragmaticplay.net/gs2c/openGame.do?lang=id&cur=IDR&gameSymbol=vs20sbxmas,des11,provider11
12,Great Rhino Megaways,,vswaysrhino,FALSE,TRUE,,https://demogamesfree.pragmaticplay.net/gs2c/openGame.do?lang=id&cur=IDR&gameSymbol=vswaysrhino,https://demogamesfree-asia.pragmaticplay.net/gs2c/openGame.do?lang=id&cur=IDR&gameSymbol=vswaysrhino,des12,provider12
13,The Dog House Megaways,,vswaysdogs,FALSE,FALSE,,https://demogamesfree.pragmaticplay.net/gs2c/openGame.do?lang=id&cur=IDR&gameSymbol=vswaysdogs,https://demogamesfree-asia.pragmaticplay.net/gs2c/openGame.do?lang=id&cur=IDR&gameSymbol=vswaysdogs,des13,provider13
14,Buffalo King Megaways,,vswaysbufking,FALSE,TRUE,,https://demogamesfree.pragmaticplay.net/gs2c/openGame.do?lang=id&cur=IDR&gameSymbol=vswaysbufking,https://demogamesfree-asia.pragmaticplay.net/gs2c/openGame.do?lang=id&cur=IDR&gameSymbol=vswaysbufking,des14,provider14
15,Lucky Lightning,,vswayslight,FALSE,FALSE,,https://demogamesfree.pragmaticplay.net/gs2c/openGame.do?lang=id&cur=IDR&gameSymbol=vswayslight,https://demogamesfree-asia.pragmaticplay.net/gs2c/openGame.do?lang=id&cur=IDR&gameSymbol=vswayslight,des15,provider15
16,Mysterious Egypt,,vs10wildtut,FALSE,FALSE,,https://demogamesfree.pragmaticplay.net/gs2c/openGame.do?lang=id&cur=IDR&gameSymbol=vs10wildtut,https://demogamesfree-asia.pragmaticplay.net/gs2c/openGame.do?lang=id&cur=IDR&gameSymbol=vs10wildtut,des16,provider16
17,Fruit Party 2,,vs20fparty2,FALSE,FALSE,,https://demogamesfree.pragmaticplay.net/gs2c/openGame.do?lang=id&cur=IDR&gameSymbol=vs20fparty2,https://demogamesfree-asia.pragmaticplay.net/gs2c/openGame.do?lang=id&cur=IDR&gameSymbol=vs20fparty2,des17,provider17
18,Chilli Heat Megaways,,vswayschilheat,FALSE,TRUE,,https://demogamesfree.pragmaticplay.net/gs2c/openGame.do?lang=id&cur=IDR&gameSymbol=vswayschilheat,https://demogamesfree-asia.pragmaticplay.net/gs2c/openGame.do?lang=id&cur=IDR&gameSymbol=vswayschilheat,des18,provider18
19,Juicy Fruits,,vs50juicyfr,FALSE,TRUE,,https://demogamesfree.pragmaticplay.net/gs2c/openGame.do?lang=id&cur=IDR&gameSymbol=vs50juicyfr,https://demogamesfree-asia.pragmaticplay.net/gs2c/openGame.do?lang=id&cur=IDR&gameSymbol=vs50juicyfr,des19,provider19
20,The Dog House,,vs20doghouse,FALSE,FALSE,,https://demogamesfree.pragmaticplay.net/gs2c/openGame.do?lang=id&cur=IDR&gameSymbol=vs20doghouse,https://demogamesfree-asia.pragmaticplay.net/gs2c/openGame.do?lang=id&cur=IDR&gameSymbol=vs20doghouse,des20,provider20
21,Great Rhino,,vs20rhino,FALSE,FALSE,,https://demogamesfree.pragmaticplay.net/gs2c/openGame.do?lang=id&cur=IDR&gameSymbol=vs20rhino,https://demogamesfree-asia.pragmaticplay.net/gs2c/openGame.do?lang=id&cur=IDR&gameSymbol=vs20rhino,des21,provider21
22,Wolf Gold,,vs25wolfgold,FALSE,FALSE,,https://demogamesfree.pragmaticplay.net/gs2c/openGame.do?lang=id&cur=IDR&gameSymbol=vs25wolfgold,https://demogamesfree-asia.pragmaticplay.net/gs2c/openGame.do?lang=id&cur=IDR&gameSymbol=vs25wolfgold,des22,provider22
23,The Hand of Midas,,vs20midas,FALSE,TRUE,,https://demogamesfree.pragmaticplay.net/gs2c/openGame.do?lang=id&cur=IDR&gameSymbol=vs20midas,https://demogamesfree-asia.pragmaticplay.net/gs2c/openGame.do?lang=id&cur=IDR&gameSymbol=vs20midas,des23,provider23
24,Power of Thor Megaways,,vswayshammthor,FALSE,FALSE,,https://demogamesfree.pragmaticplay.net/gs2c/openGame.do?lang=id&cur=IDR&gameSymbol=vswayshammthor,https://demogamesfree-asia.pragmaticplay.net/gs2c/openGame.do?lang=id&cur=IDR&gameSymbol=vswayshammthor,des24,provider24
25,Piggy Bank Bills,,vs9piggybank,FALSE,FALSE,,https://demogamesfree.pragmaticplay.net/gs2c/openGame.do?lang=id&cur=IDR&gameSymbol=vs9piggybank,https://demogamesfree-asia.pragmaticplay.net/gs2c/openGame.do?lang=id&cur=IDR&gameSymbol=vs9piggybank,des25,provider25
26,Vegas Nights,,vs25vegas,FALSE,FALSE,,https://demogamesfree.pragmaticplay.net/gs2c/openGame.do?lang=id&cur=IDR&gameSymbol=vs25vegas,https://demogamesfree-asia.pragmaticplay.net/gs2c/openGame.do?lang=id&cur=IDR&gameSymbol=vs25vegas,des26,provider26
27,Buffalo King,,vs4096bufking,FALSE,FALSE,,https://demogamesfree.pragmaticplay.net/gs2c/openGame.do?lang=id&cur=IDR&gameSymbol=vs4096bufking,https://demogamesfree-asia.pragmaticplay.net/gs2c/openGame.do?lang=id&cur=IDR&gameSymbol=vs4096bufking,des27,provider27
28,Madame Destiny Megaways,,vswaysmadame,FALSE,TRUE,,https://demogamesfree.pragmaticplay.net/gs2c/openGame.do?lang=id&cur=IDR&gameSymbol=vswaysmadame,https://demogamesfree-asia.pragmaticplay.net/gs2c/openGame.do?lang=id&cur=IDR&gameSymbol=vswaysmadame,des28,provider28
29,Temujin Treasures,,vs1024temuj,FALSE,FALSE,,https://demogamesfree.pragmaticplay.net/gs2c/openGame.do?lang=id&cur=IDR&gameSymbol=vs1024temuj,https://demogamesfree-asia.pragmaticplay.net/gs2c/openGame.do?lang=id&cur=IDR&gameSymbol=vs1024temuj,des29,provider29
30,Diamond Strike,,vs15diamond,FALSE,FALSE,,https://demogamesfree.pragmaticplay.net/gs2c/openGame.do?lang=id&cur=IDR&gameSymbol=vs15diamond,https://demogamesfree-asia.pragmaticplay.net/gs2c/openGame.do?lang=id&cur=IDR&gameSymbol=vs15diamond,des30,provider30
31,Extra Juicy,,vs10fruity2,FALSE,FALSE,,https://demogamesfree.pragmaticplay.net/gs2c/openGame.do?lang=id&cur=IDR&gameSymbol=vs10fruity2,https://demogamesfree-asia.pragmaticplay.net/gs2c/openGame.do?lang=id&cur=IDR&gameSymbol=vs10fruity2,des31,provider31
32,John Hunter and the Tomb of Scarab Queen,,vs25scarabqueen,FALSE,FALSE,,https://demogamesfree.pragmaticplay.net/gs2c/openGame.do?lang=id&cur=IDR&gameSymbol=vs25scarabqueen,https://demogamesfree-asia.pragmaticplay.net/gs2c/openGame.do?lang=id&cur=IDR&gameSymbol=vs25scarabqueen,des32,provider32
33,Gold Rush (Pragmatic Play),,vs25goldrush,FALSE,FALSE,,https://demogamesfree.pragmaticplay.net/gs2c/openGame.do?lang=id&cur=IDR&gameSymbol=vs25goldrush,https://demogamesfree-asia.pragmaticplay.net/gs2c/openGame.do?lang=id&cur=IDR&gameSymbol=vs25goldrush,des33,provider33
34,7 Monkeys,,vs7monkeys,FALSE,FALSE,,https://demogamesfree.pragmaticplay.net/gs2c/openGame.do?lang=id&cur=IDR&gameSymbol=vs7monkeys,https://demogamesfree-asia.pragmaticplay.net/gs2c/openGame.do?lang=id&cur=IDR&gameSymbol=vs7monkeys,des34,provider34
35,Christmas Carol Megaways,,vs20xmascarol,FALSE,TRUE,,https://demogamesfree.pragmaticplay.net/gs2c/openGame.do?lang=id&cur=IDR&gameSymbol=vs20xmascarol,https://demogamesfree-asia.pragmaticplay.net/gs2c/openGame.do?lang=id&cur=IDR&gameSymbol=vs20xmascarol,des35,provider35
36,3 Genie Wishes,,vs50aladdin,FALSE,FALSE,,https://demogamesfree.pragmaticplay.net/gs2c/openGame.do?lang=id&cur=IDR&gameSymbol=vs50aladdin,https://demogamesfree-asia.pragmaticplay.net/gs2c/openGame.do?lang=id&cur=IDR&gameSymbol=vs50aladdin,des36,provider36
37,Madame Destiny,,vs10madame,FALSE,FALSE,,https://demogamesfree.pragmaticplay.net/gs2c/openGame.do?lang=id&cur=IDR&gameSymbol=vs10madame,https://demogamesfree-asia.pragmaticplay.net/gs2c/openGame.do?lang=id&cur=IDR&gameSymbol=vs10madame,des37,provider37
38,5 Lions,,vs243lions,FALSE,FALSE,,https://demogamesfree.pragmaticplay.net/gs2c/openGame.do?lang=id&cur=IDR&gameSymbol=vs243lions,https://demogamesfree-asia.pragmaticplay.net/gs2c/openGame.do?lang=id&cur=IDR&gameSymbol=vs243lions,des38,provider38
39,Triple Dragons,,vs5trdragons,FALSE,FALSE,,https://demogamesfree.pragmaticplay.net/gs2c/openGame.do?lang=id&cur=IDR&gameSymbol=vs5trdragons,https://demogamesfree-asia.pragmaticplay.net/gs2c/openGame.do?lang=id&cur=IDR&gameSymbol=vs5trdragons,des39,provider39
40,Drago - Jewels of Fortune,,vs1600drago,FALSE,FALSE,,https://demogamesfree.pragmaticplay.net/gs2c/openGame.do?lang=id&cur=IDR&gameSymbol=vs1600drago,https://demogamesfree-asia.pragmaticplay.net/gs2c/openGame.do?lang=id&cur=IDR&gameSymbol=vs1600drago,des40,provider40
41,Hot to Burn Hold and Spin,,vs20hburnhs,FALSE,FALSE,,https://demogamesfree.pragmaticplay.net/gs2c/openGame.do?lang=id&cur=IDR&gameSymbol=vs20hburnhs,https://demogamesfree-asia.pragmaticplay.net/gs2c/openGame.do?lang=id&cur=IDR&gameSymbol=vs20hburnhs,des41,provider41
42,John Hunter and the Book of Tut,,vs10bookoftut,FALSE,FALSE,,https://demogamesfree.pragmaticplay.net/gs2c/openGame.do?lang=id&cur=IDR&gameSymbol=vs10bookoftut,https://demogamesfree-asia.pragmaticplay.net/gs2c/openGame.do?lang=id&cur=IDR&gameSymbol=vs10bookoftut,des42,provider42
43,Aladdin's Treasure,,vs50amt,FALSE,FALSE,,https://demogamesfree.pragmaticplay.net/gs2c/openGame.do?lang=id&cur=IDR&gameSymbol=vs50amt,https://demogamesfree-asia.pragmaticplay.net/gs2c/openGame.do?lang=id&cur=IDR&gameSymbol=vs50amt,des43,provider43
44,Greek Gods,,vs243fortseren,FALSE,FALSE,,https://demogamesfree.pragmaticplay.net/gs2c/openGame.do?lang=id&cur=IDR&gameSymbol=vs243fortseren,https://demogamesfree-asia.pragmaticplay.net/gs2c/openGame.do?lang=id&cur=IDR&gameSymbol=vs243fortseren,des44,provider44
45,Mysterious,,vs4096mystery,FALSE,FALSE,,https://demogamesfree.pragmaticplay.net/gs2c/openGame.do?lang=id&cur=IDR&gameSymbol=vs4096mystery,https://demogamesfree-asia.pragmaticplay.net/gs2c/openGame.do?lang=id&cur=IDR&gameSymbol=vs4096mystery,des45,provider45
46,Fishin' Reels,,vs10goldfish,FALSE,FALSE,,https://demogamesfree.pragmaticplay.net/gs2c/openGame.do?lang=id&cur=IDR&gameSymbol=vs10goldfish,https://demogamesfree-asia.pragmaticplay.net/gs2c/openGame.do?lang=id&cur=IDR&gameSymbol=vs10goldfish,des46,provider46
47,Cowboys Gold,,vs10cowgold,FALSE,FALSE,,https://demogamesfree.pragmaticplay.net/gs2c/openGame.do?lang=id&cur=IDR&gameSymbol=vs10cowgold,https://demogamesfree-asia.pragmaticplay.net/gs2c/openGame.do?lang=id&cur=IDR&gameSymbol=vs10cowgold,des47,provider47
48,Asgard,,vs25asgard,FALSE,FALSE,,https://demogamesfree.pragmaticplay.net/gs2c/openGame.do?lang=id&cur=IDR&gameSymbol=vs25asgard,https://demogamesfree-asia.pragmaticplay.net/gs2c/openGame.do?lang=id&cur=IDR&gameSymbol=vs25asgard,des48,provider48
49,Aztec Gems,,vs5aztecgems,FALSE,FALSE,,https://demogamesfree.pragmaticplay.net/gs2c/openGame.do?lang=id&cur=IDR&gameSymbol=vs5aztecgems,https://demogamesfree-asia.pragmaticplay.net/gs2c/openGame.do?lang=id&cur=IDR&gameSymbol=vs5aztecgems,des49,provider49
50,Ancient Egypt,,vs10egypt,FALSE,FALSE,,https://demogamesfree.pragmaticplay.net/gs2c/openGame.do?lang=id&cur=IDR&gameSymbol=vs10egypt,https://demogamesfree-asia.pragmaticplay.net/gs2c/openGame.do?lang=id&cur=IDR&gameSymbol=vs10egypt,des50,provider50
51,Santa,,vs20santa,FALSE,FALSE,,https://demogamesfree.pragmaticplay.net/gs2c/openGame.do?lang=id&cur=IDR&gameSymbol=vs20santa,https://demogamesfree-asia.pragmaticplay.net/gs2c/openGame.do?lang=id&cur=IDR&gameSymbol=vs20santa,des51,provider51
52,888 Gold,,cs5triple8gold,FALSE,FALSE,,https://demogamesfree.pragmaticplay.net/gs2c/openGame.do?lang=id&cur=IDR&gameSymbol=cs5triple8gold,https://demogamesfree-asia.pragmaticplay.net/gs2c/openGame.do?lang=id&cur=IDR&gameSymbol=cs5triple8gold,des52,provider52
53,Vegas Magic,,vs20vegasmagic,FALSE,FALSE,,https://demogamesfree.pragmaticplay.net/gs2c/openGame.do?lang=id&cur=IDR&gameSymbol=vs20vegasmagic,https://demogamesfree-asia.pragmaticplay.net/gs2c/openGame.do?lang=id&cur=IDR&gameSymbol=vs20vegasmagic,des53,provider53
54,Peaky Blinders,,vs20pblinders,FALSE,FALSE,,https://demogamesfree.pragmaticplay.net/gs2c/openGame.do?lang=id&cur=IDR&gameSymbol=vs20pblinders,https://demogamesfree-asia.pragmaticplay.net/gs2c/openGame.do?lang=id&cur=IDR&gameSymbol=vs20pblinders,des54,provider54
55,Hot Safari,,vs25safari,FALSE,FALSE,,https://demogamesfree.pragmaticplay.net/gs2c/openGame.do?lang=id&cur=IDR&gameSymbol=vs25safari,https://demogamesfree-asia.pragmaticplay.net/gs2c/openGame.do?lang=id&cur=IDR&gameSymbol=vs25safari,des55,provider55
56,Honey Honey Honey,,vs20honey,FALSE,FALSE,,https://demogamesfree.pragmaticplay.net/gs2c/openGame.do?lang=id&cur=IDR&gameSymbol=vs20honey,https://demogamesfree-asia.pragmaticplay.net/gs2c/openGame.do?lang=id&cur=IDR&gameSymbol=vs20honey,des56,provider56
57,Aztec Gems Deluxe,,vs9aztecgemsdx,FALSE,FALSE,,https://demogamesfree.pragmaticplay.net/gs2c/openGame.do?lang=id&cur=IDR&gameSymbol=vs9aztecgemsdx,https://demogamesfree-asia.pragmaticplay.net/gs2c/openGame.do?lang=id&cur=IDR&gameSymbol=vs9aztecgemsdx,des57,provider57
58,Chilli Heat,,vs25chilli,FALSE,FALSE,,https://demogamesfree.pragmaticplay.net/gs2c/openGame.do?lang=id&cur=IDR&gameSymbol=vs25chilli,https://demogamesfree-asia.pragmaticplay.net/gs2c/openGame.do?lang=id&cur=IDR&gameSymbol=vs25chilli,des58,provider58
59,7 Piggies,,vs7pigs,FALSE,FALSE,,https://demogamesfree.pragmaticplay.net/gs2c/openGame.do?lang=id&cur=IDR&gameSymbol=vs7pigs,https://demogamesfree-asia.pragmaticplay.net/gs2c/openGame.do?lang=id&cur=IDR&gameSymbol=vs7pigs,des59,provider59
60,Money Mouse,,vs25mmouse,FALSE,FALSE,,https://demogamesfree.pragmaticplay.net/gs2c/openGame.do?lang=id&cur=IDR&gameSymbol=vs25mmouse,https://demogamesfree-asia.pragmaticplay.net/gs2c/openGame.do?lang=id&cur=IDR&gameSymbol=vs25mmouse,des60,provider60
61,Master Joker,,vs1masterjoker,FALSE,FALSE,,https://demogamesfree.pragmaticplay.net/gs2c/openGame.do?lang=id&cur=IDR&gameSymbol=vs1masterjoker,https://demogamesfree-asia.pragmaticplay.net/gs2c/openGame.do?lang=id&cur=IDR&gameSymbol=vs1masterjoker,des61,provider61
62,Dwarven Gold,,vs25dwarves,FALSE,FALSE,,https://demogamesfree.pragmaticplay.net/gs2c/openGame.do?lang=id&cur=IDR&gameSymbol=vs25dwarves,https://demogamesfree-asia.pragmaticplay.net/gs2c/openGame.do?lang=id&cur=IDR&gameSymbol=vs25dwarves,des62,provider62
63,Safari King,,vs50safariking,FALSE,FALSE,,https://demogamesfree.pragmaticplay.net/gs2c/openGame.do?lang=id&cur=IDR&gameSymbol=vs50safariking,https://demogamesfree-asia.pragmaticplay.net/gs2c/openGame.do?lang=id&cur=IDR&gameSymbol=vs50safariking,des63,provider63
64,Treasure Horse,,vs18mashang,FALSE,FALSE,,https://demogamesfree.pragmaticplay.net/gs2c/openGame.do?lang=id&cur=IDR&gameSymbol=vs18mashang,https://demogamesfree-asia.pragmaticplay.net/gs2c/openGame.do?lang=id&cur=IDR&gameSymbol=vs18mashang,des64,provider64
65,Fire Strike,,vs10firestrike,FALSE,FALSE,,https://demogamesfree.pragmaticplay.net/gs2c/openGame.do?lang=id&cur=IDR&gameSymbol=vs10firestrike,https://demogamesfree-asia.pragmaticplay.net/gs2c/openGame.do?lang=id&cur=IDR&gameSymbol=vs10firestrike,des65,provider65
66,Great Rhino Deluxe,,vs20rhinoluxe,FALSE,FALSE,,https://demogamesfree.pragmaticplay.net/gs2c/openGame.do?lang=id&cur=IDR&gameSymbol=vs20rhinoluxe,https://demogamesfree-asia.pragmaticplay.net/gs2c/openGame.do?lang=id&cur=IDR&gameSymbol=vs20rhinoluxe,des66,provider66
67,Pyramid King,,vs25pyramid,FALSE,FALSE,,https://demogamesfree.pragmaticplay.net/gs2c/openGame.do?lang=id&cur=IDR&gameSymbol=vs25pyramid,https://demogamesfree-asia.pragmaticplay.net/gs2c/openGame.do?lang=id&cur=IDR&gameSymbol=vs25pyramid,des67,provider67
68,Queen of Atlantis,,vs1024atlantis,FALSE,FALSE,,https://demogamesfree.pragmaticplay.net/gs2c/openGame.do?lang=id&cur=IDR&gameSymbol=vs1024atlantis,https://demogamesfree-asia.pragmaticplay.net/gs2c/openGame.do?lang=id&cur=IDR&gameSymbol=vs1024atlantis,des68,provider68
69,Santa's Wonderland,,vs20santawonder,FALSE,FALSE,,https://demogamesfree.pragmaticplay.net/gs2c/openGame.do?lang=id&cur=IDR&gameSymbol=vs20santawonder,https://demogamesfree-asia.pragmaticplay.net/gs2c/openGame.do?lang=id&cur=IDR&gameSymbol=vs20santawonder,des69,provider69
70,American Blackjack,,bjmb,FALSE,TRUE,,https://demogamesfree.pragmaticplay.net/gs2c/openGame.do?lang=id&cur=IDR&gameSymbol=bjmb,https://demogamesfree-asia.pragmaticplay.net/gs2c/openGame.do?lang=id&cur=IDR&gameSymbol=bjmb,des70,provider70
71,888 Dragons,,vs1dragon8,FALSE,FALSE,,https://demogamesfree.pragmaticplay.net/gs2c/openGame.do?lang=id&cur=IDR&gameSymbol=vs1dragon8,https://demogamesfree-asia.pragmaticplay.net/gs2c/openGame.do?lang=id&cur=IDR&gameSymbol=vs1dragon8,des71,provider71
72,Multihand Blackjack,,bjma,FALSE,FALSE,,https://demogamesfree.pragmaticplay.net/gs2c/openGame.do?lang=id&cur=IDR&gameSymbol=bjma,https://demogamesfree-asia.pragmaticplay.net/gs2c/openGame.do?lang=id&cur=IDR&gameSymbol=bjma,des72,provider72
73,Mustang Gold,,vs25mustang,FALSE,FALSE,,https://demogamesfree.pragmaticplay.net/gs2c/openGame.do?lang=id&cur=IDR&gameSymbol=vs25mustang,https://demogamesfree-asia.pragmaticplay.net/gs2c/openGame.do?lang=id&cur=IDR&gameSymbol=vs25mustang,des73,provider73
74,Bronco Spirit,,vs75bronco,FALSE,FALSE,,https://demogamesfree.pragmaticplay.net/gs2c/openGame.do?lang=id&cur=IDR&gameSymbol=vs75bronco,https://demogamesfree-asia.pragmaticplay.net/gs2c/openGame.do?lang=id&cur=IDR&gameSymbol=vs75bronco,des74,provider74
75,Dance Party,,vs243dancingpar,FALSE,FALSE,,https://demogamesfree.pragmaticplay.net/gs2c/openGame.do?lang=id&cur=IDR&gameSymbol=vs243dancingpar,https://demogamesfree-asia.pragmaticplay.net/gs2c/openGame.do?lang=id&cur=IDR&gameSymbol=vs243dancingpar,des75,provider75
76,The Wild Machine,,vs40madwheel,FALSE,FALSE,,https://demogamesfree.pragmaticplay.net/gs2c/openGame.do?lang=id&cur=IDR&gameSymbol=vs40madwheel,https://demogamesfree-asia.pragmaticplay.net/gs2c/openGame.do?lang=id&cur=IDR&gameSymbol=vs40madwheel,des76,provider76
77,Congo Cash,,vs432congocash,FALSE,FALSE,,https://demogamesfree.pragmaticplay.net/gs2c/openGame.do?lang=id&cur=IDR&gameSymbol=vs432congocash,https://demogamesfree-asia.pragmaticplay.net/gs2c/openGame.do?lang=id&cur=IDR&gameSymbol=vs432congocash,des77,provider77
78,Roulette (Pragmatic Play),,rla,FALSE,FALSE,,https://demogamesfree.pragmaticplay.net/gs2c/openGame.do?lang=id&cur=IDR&gameSymbol=rla,https://demogamesfree-asia.pragmaticplay.net/gs2c/openGame.do?lang=id&cur=IDR&gameSymbol=rla,des78,provider78
79,Wild Spells,,vs25wildspells,FALSE,FALSE,,https://demogamesfree.pragmaticplay.net/gs2c/openGame.do?lang=id&cur=IDR&gameSymbol=vs25wildspells,https://demogamesfree-asia.pragmaticplay.net/gs2c/openGame.do?lang=id&cur=IDR&gameSymbol=vs25wildspells,des79,provider79
80,Caishen's Gold,,vs243fortune,FALSE,FALSE,,https://demogamesfree.pragmaticplay.net/gs2c/openGame.do?lang=id&cur=IDR&gameSymbol=vs243fortune,https://demogamesfree-asia.pragmaticplay.net/gs2c/openGame.do?lang=id&cur=IDR&gameSymbol=vs243fortune,des80,provider80
81,Panther Queen,,vs25pantherqueen,FALSE,FALSE,,https://demogamesfree.pragmaticplay.net/gs2c/openGame.do?lang=id&cur=IDR&gameSymbol=vs25pantherqueen,https://demogamesfree-asia.pragmaticplay.net/gs2c/openGame.do?lang=id&cur=IDR&gameSymbol=vs25pantherqueen,des81,provider81
82,Dragon Kingdom,,vs25dragonkingdom,FALSE,FALSE,,https://demogamesfree.pragmaticplay.net/gs2c/openGame.do?lang=id&cur=IDR&gameSymbol=vs25dragonkingdom,https://demogamesfree-asia.pragmaticplay.net/gs2c/openGame.do?lang=id&cur=IDR&gameSymbol=vs25dragonkingdom,des82,provider82
83,Lucky Dragons,,vs50chinesecharms,FALSE,FALSE,,https://demogamesfree.pragmaticplay.net/gs2c/openGame.do?lang=id&cur=IDR&gameSymbol=vs50chinesecharms,https://demogamesfree-asia.pragmaticplay.net/gs2c/openGame.do?lang=id&cur=IDR&gameSymbol=vs50chinesecharms,des83,provider83
84,Leprechaun Song,,vs20leprechaun,FALSE,FALSE,,https://demogamesfree.pragmaticplay.net/gs2c/openGame.do?lang=id&cur=IDR&gameSymbol=vs20leprechaun,https://demogamesfree-asia.pragmaticplay.net/gs2c/openGame.do?lang=id&cur=IDR&gameSymbol=vs20leprechaun,des84,provider84
85,Starz Megaways,,vs117649starz,FALSE,FALSE,,https://demogamesfree.pragmaticplay.net/gs2c/openGame.do?lang=id&cur=IDR&gameSymbol=vs117649starz,https://demogamesfree-asia.pragmaticplay.net/gs2c/openGame.do?lang=id&cur=IDR&gameSymbol=vs117649starz,des85,provider85
86,Aztec Bonanza,,vs7776aztec,FALSE,FALSE,,https://demogamesfree.pragmaticplay.net/gs2c/openGame.do?lang=id&cur=IDR&gameSymbol=vs7776aztec,https://demogamesfree-asia.pragmaticplay.net/gs2c/openGame.do?lang=id&cur=IDR&gameSymbol=vs7776aztec,des86,provider86
87,Aladdin and the Sorcerer,,vs20aladdinsorc,FALSE,FALSE,,https://demogamesfree.pragmaticplay.net/gs2c/openGame.do?lang=id&cur=IDR&gameSymbol=vs20aladdinsorc,https://demogamesfree-asia.pragmaticplay.net/gs2c/openGame.do?lang=id&cur=IDR&gameSymbol=vs20aladdinsorc,des87,provider87
88,Dragon Tiger,,vs1024dtiger,FALSE,FALSE,,https://demogamesfree.pragmaticplay.net/gs2c/openGame.do?lang=id&cur=IDR&gameSymbol=vs1024dtiger,https://demogamesfree-asia.pragmaticplay.net/gs2c/openGame.do?lang=id&cur=IDR&gameSymbol=vs1024dtiger,des88,provider88
89,Fire 88,,vs7fire88,FALSE,FALSE,,https://demogamesfree.pragmaticplay.net/gs2c/openGame.do?lang=id&cur=IDR&gameSymbol=vs7fire88,https://demogamesfree-asia.pragmaticplay.net/gs2c/openGame.do?lang=id&cur=IDR&gameSymbol=vs7fire88,des89,provider89
90,Queen of Gold,,vs25queenofgold,FALSE,FALSE,,https://demogamesfree.pragmaticplay.net/gs2c/openGame.do?lang=id&cur=IDR&gameSymbol=vs25queenofgold,https://demogamesfree-asia.pragmaticplay.net/gs2c/openGame.do?lang=id&cur=IDR&gameSymbol=vs25queenofgold,des90,provider90
91,Jungle Gorilla,,vs20gorilla,FALSE,FALSE,,https://demogamesfree.pragmaticplay.net/gs2c/openGame.do?lang=id&cur=IDR&gameSymbol=vs20gorilla,https://demogamesfree-asia.pragmaticplay.net/gs2c/openGame.do?lang=id&cur=IDR&gameSymbol=vs20gorilla,des91,provider91
92,Star Bounty,,vswayshive,FALSE,FALSE,,https://demogamesfree.pragmaticplay.net/gs2c/openGame.do?lang=id&cur=IDR&gameSymbol=vswayshive,https://demogamesfree-asia.pragmaticplay.net/gs2c/openGame.do?lang=id&cur=IDR&gameSymbol=vswayshive,des92,provider92
93,Street Racer,,vs40streetracer,FALSE,FALSE,,https://demogamesfree.pragmaticplay.net/gs2c/openGame.do?lang=id&cur=IDR&gameSymbol=vs40streetracer,https://demogamesfree-asia.pragmaticplay.net/gs2c/openGame.do?lang=id&cur=IDR&gameSymbol=vs40streetracer,des93,provider93
94,Joker's Jewels,,vs5joker,FALSE,FALSE,,https://demogamesfree.pragmaticplay.net/gs2c/openGame.do?lang=id&cur=IDR&gameSymbol=vs5joker,https://demogamesfree-asia.pragmaticplay.net/gs2c/openGame.do?lang=id&cur=IDR&gameSymbol=vs5joker,des94,provider94
95,Fairytale Fortune,,vs15fairytale,FALSE,#N/A,,https://demogamesfree.pragmaticplay.net/gs2c/openGame.do?lang=id&cur=IDR&gameSymbol=vs15fairytale,https://demogamesfree-asia.pragmaticplay.net/gs2c/openGame.do?lang=id&cur=IDR&gameSymbol=vs15fairytale,des95,provider95
96,Lucky New Year,,vs25newyear,FALSE,#N/A,,https://demogamesfree.pragmaticplay.net/gs2c/openGame.do?lang=id&cur=IDR&gameSymbol=vs25newyear,https://demogamesfree-asia.pragmaticplay.net/gs2c/openGame.do?lang=id&cur=IDR&gameSymbol=vs25newyear,des96,provider96
97,Pixie Wings,,vs50pixie,FALSE,#N/A,,https://demogamesfree.pragmaticplay.net/gs2c/openGame.do?lang=id&cur=IDR&gameSymbol=vs50pixie,https://demogamesfree-asia.pragmaticplay.net/gs2c/openGame.do?lang=id&cur=IDR&gameSymbol=vs50pixie,des97,provider97
98,8 Dragons,,vs20eightdragons,FALSE,#N/A,,https://demogamesfree.pragmaticplay.net/gs2c/openGame.do?lang=id&cur=IDR&gameSymbol=vs20eightdragons,https://demogamesfree-asia.pragmaticplay.net/gs2c/openGame.do?lang=id&cur=IDR&gameSymbol=vs20eightdragons,des98,provider98
99,Journey to the West,,vs25journey,FALSE,#N/A,,https://demogamesfree.pragmaticplay.net/gs2c/openGame.do?lang=id&cur=IDR&gameSymbol=vs25journey,https://demogamesfree-asia.pragmaticplay.net/gs2c/openGame.do?lang=id&cur=IDR&gameSymbol=vs25journey,des99,provider99
100,Beowulf,,vs40beowulf,FALSE,#N/A,,https://demogamesfree.pragmaticplay.net/gs2c/openGame.do?lang=id&cur=IDR&gameSymbol=vs40beowulf,https://demogamesfree-asia.pragmaticplay.net/gs2c/openGame.do?lang=id&cur=IDR&gameSymbol=vs40beowulf,des100,provider100
101,Romeo and Juliet,,vs25romeoandjuliet,FALSE,#N/A,,https://demogamesfree.pragmaticplay.net/gs2c/openGame.do?lang=id&cur=IDR&gameSymbol=vs25romeoandjuliet,https://demogamesfree-asia.pragmaticplay.net/gs2c/openGame.do?lang=id&cur=IDR&gameSymbol=vs25romeoandjuliet,des101,provider101
102,Tales of Egypt,,vs20egypt,FALSE,#N/A,,https://demogamesfree.pragmaticplay.net/gs2c/openGame.do?lang=id&cur=IDR&gameSymbol=vs20egypt,https://demogamesfree-asia.pragmaticplay.net/gs2c/openGame.do?lang=id&cur=IDR&gameSymbol=vs20egypt,des102,provider102
103,Peking Luck,,vs25peking,FALSE,#N/A,,https://demogamesfree.pragmaticplay.net/gs2c/openGame.do?lang=id&cur=IDR&gameSymbol=vs25peking,https://demogamesfree-asia.pragmaticplay.net/gs2c/openGame.do?lang=id&cur=IDR&gameSymbol=vs25peking,des103,provider103
104,Fruit Rainbow,,vs40frrainbow,FALSE,#N/A,,https://demogamesfree.pragmaticplay.net/gs2c/openGame.do?lang=id&cur=IDR&gameSymbol=vs40frrainbow,https://demogamesfree-asia.pragmaticplay.net/gs2c/openGame.do?lang=id&cur=IDR&gameSymbol=vs40frrainbow,des104,provider104
105,Wild Wild Riches,,vs576treasures,FALSE,#N/A,,https://demogamesfree.pragmaticplay.net/gs2c/openGame.do?lang=id&cur=IDR&gameSymbol=vs576treasures,https://demogamesfree-asia.pragmaticplay.net/gs2c/openGame.do?lang=id&cur=IDR&gameSymbol=vs576treasures,des105,provider105
106,Jade Butterfly,,vs1024butterfly,FALSE,#N/A,,https://demogamesfree.pragmaticplay.net/gs2c/openGame.do?lang=id&cur=IDR&gameSymbol=vs1024butterfly,https://demogamesfree-asia.pragmaticplay.net/gs2c/openGame.do?lang=id&cur=IDR&gameSymbol=vs1024butterfly,des106,provider106
107,Gold Train,,vs3train,FALSE,#N/A,,https://demogamesfree.pragmaticplay.net/gs2c/openGame.do?lang=id&cur=IDR&gameSymbol=vs3train,https://demogamesfree-asia.pragmaticplay.net/gs2c/openGame.do?lang=id&cur=IDR&gameSymbol=vs3train,des107,provider107
108,Lady Godiva,,vs20godiva,FALSE,#N/A,,https://demogamesfree.pragmaticplay.net/gs2c/openGame.do?lang=id&cur=IDR&gameSymbol=vs20godiva,https://demogamesfree-asia.pragmaticplay.net/gs2c/openGame.do?lang=id&cur=IDR&gameSymbol=vs20godiva,des108,provider108
109,Wild Walker,,vs25walkeR,FALSE,#N/A,,https://demogamesfree.pragmaticplay.net/gs2c/openGame.do?lang=id&cur=IDR&gameSymbol=vs25walkeR,https://demogamesfree-asia.pragmaticplay.net/gs2c/openGame.do?lang=id&cur=IDR&gameSymbol=vs25walkeR,des109,provider109
110,Return of the Dead,,vs10returndead,FALSE,#N/A,,https://demogamesfree.pragmaticplay.net/gs2c/openGame.do?lang=id&cur=IDR&gameSymbol=vs10returndead,https://demogamesfree-asia.pragmaticplay.net/gs2c/openGame.do?lang=id&cur=IDR&gameSymbol=vs10returndead,des110,provider110
111,Book of Kingdoms,,vs25bkofkngdm,FALSE,#N/A,,https://demogamesfree.pragmaticplay.net/gs2c/openGame.do?lang=id&cur=IDR&gameSymbol=vs25bkofkngdm,https://demogamesfree-asia.pragmaticplay.net/gs2c/openGame.do?lang=id&cur=IDR&gameSymbol=vs25bkofkngdm,des111,provider111
112,The Champions,,vs25champ,FALSE,#N/A,,https://demogamesfree.pragmaticplay.net/gs2c/openGame.do?lang=id&cur=IDR&gameSymbol=vs25champ,https://demogamesfree-asia.pragmaticplay.net/gs2c/openGame.do?lang=id&cur=IDR&gameSymbol=vs25champ,des112,provider112
113,Jurassic Giants,,vs4096jurassic,FALSE,#N/A,,https://demogamesfree.pragmaticplay.net/gs2c/openGame.do?lang=id&cur=IDR&gameSymbol=vs4096jurassic,https://demogamesfree-asia.pragmaticplay.net/gs2c/openGame.do?lang=id&cur=IDR&gameSymbol=vs4096jurassic,des113,provider113
114,3 Kingdoms - Battle of Red Cliffs,,vs25kingdoms,FALSE,#N/A,,https://demogamesfree.pragmaticplay.net/gs2c/openGame.do?lang=id&cur=IDR&gameSymbol=vs25kingdoms,https://demogamesfree-asia.pragmaticplay.net/gs2c/openGame.do?lang=id&cur=IDR&gameSymbol=vs25kingdoms,des114,provider114
115,Hercules Son of Zeus,,vs50hercules,FALSE,#N/A,,https://demogamesfree.pragmaticplay.net/gs2c/openGame.do?lang=id&cur=IDR&gameSymbol=vs50hercules,https://demogamesfree-asia.pragmaticplay.net/gs2c/openGame.do?lang=id&cur=IDR&gameSymbol=vs50hercules,des115,provider115
116,Mighty Kong,,vs50kingkong,FALSE,#N/A,,https://demogamesfree.pragmaticplay.net/gs2c/openGame.do?lang=id&cur=IDR&gameSymbol=vs50kingkong,https://demogamesfree-asia.pragmaticplay.net/gs2c/openGame.do?lang=id&cur=IDR&gameSymbol=vs50kingkong,des116,provider116
117,Sugar Rush,,vs20cm,FALSE,#N/A,,https://demogamesfree.pragmaticplay.net/gs2c/openGame.do?lang=id&cur=IDR&gameSymbol=vs20cm,https://demogamesfree-asia.pragmaticplay.net/gs2c/openGame.do?lang=id&cur=IDR&gameSymbol=vs20cm,des117,provider117
118,Glorious Rome,,vs20rome,FALSE,#N/A,,https://demogamesfree.pragmaticplay.net/gs2c/openGame.do?lang=id&cur=IDR&gameSymbol=vs20rome,https://demogamesfree-asia.pragmaticplay.net/gs2c/openGame.do?lang=id&cur=IDR&gameSymbol=vs20rome,des118,provider118
119,Monkey Madness,,vs9madmonkey,FALSE,#N/A,,https://demogamesfree.pragmaticplay.net/gs2c/openGame.do?lang=id&cur=IDR&gameSymbol=vs9madmonkey,https://demogamesfree-asia.pragmaticplay.net/gs2c/openGame.do?lang=id&cur=IDR&gameSymbol=vs9madmonkey,des119,provider119
120,Hot to Burn,,vs5hotburn,FALSE,#N/A,,https://demogamesfree.pragmaticplay.net/gs2c/openGame.do?lang=id&cur=IDR&gameSymbol=vs5hotburn,https://demogamesfree-asia.pragmaticplay.net/gs2c/openGame.do?lang=id&cur=IDR&gameSymbol=vs5hotburn,des120,provider120
121,Ultra Burn,,vs5ultrab,FALSE,#N/A,,https://demogamesfree.pragmaticplay.net/gs2c/openGame.do?lang=id&cur=IDR&gameSymbol=vs5ultrab,https://demogamesfree-asia.pragmaticplay.net/gs2c/openGame.do?lang=id&cur=IDR&gameSymbol=vs5ultrab,des121,provider121
122,Golden Beauty,,vs75empress,FALSE,#N/A,,https://demogamesfree.pragmaticplay.net/gs2c/openGame.do?lang=id&cur=IDR&gameSymbol=vs75empress,https://demogamesfree-asia.pragmaticplay.net/gs2c/openGame.do?lang=id&cur=IDR&gameSymbol=vs75empress,des122,provider122
123,Super 7s,,vs5super7,FALSE,#N/A,,https://demogamesfree.pragmaticplay.net/gs2c/openGame.do?lang=id&cur=IDR&gameSymbol=vs5super7,https://demogamesfree-asia.pragmaticplay.net/gs2c/openGame.do?lang=id&cur=IDR&gameSymbol=vs5super7,des123,provider123
124,Ultra Hold and Spin,,vs5ultra,FALSE,#N/A,,https://demogamesfree.pragmaticplay.net/gs2c/openGame.do?lang=id&cur=IDR&gameSymbol=vs5ultra,https://demogamesfree-asia.pragmaticplay.net/gs2c/openGame.do?lang=id&cur=IDR&gameSymbol=vs5ultra,des124,provider124
125,Triple Tigers,,vs1tigers,FALSE,#N/A,,https://demogamesfree.pragmaticplay.net/gs2c/openGame.do?lang=id&cur=IDR&gameSymbol=vs1tigers,https://demogamesfree-asia.pragmaticplay.net/gs2c/openGame.do?lang=id&cur=IDR&gameSymbol=vs1tigers,des125,provider125
126,Dwarven Gold Deluxe,,vs25dwarves_new,FALSE,#N/A,,https://demogamesfree.pragmaticplay.net/gs2c/openGame.do?lang=id&cur=IDR&gameSymbol=vs25dwarves_new,https://demogamesfree-asia.pragmaticplay.net/gs2c/openGame.do?lang=id&cur=IDR&gameSymbol=vs25dwarves_new,des126,provider126
127,Hockey League Wild Match,,vs9hockey,FALSE,#N/A,,https://demogamesfree.pragmaticplay.net/gs2c/openGame.do?lang=id&cur=IDR&gameSymbol=vs9hockey,https://demogamesfree-asia.pragmaticplay.net/gs2c/openGame.do?lang=id&cur=IDR&gameSymbol=vs9hockey,des127,provider127
128,Magic Crystals,,vs243crystalcave,FALSE,#N/A,,https://demogamesfree.pragmaticplay.net/gs2c/openGame.do?lang=id&cur=IDR&gameSymbol=vs243crystalcave,https://demogamesfree-asia.pragmaticplay.net/gs2c/openGame.do?lang=id&cur=IDR&gameSymbol=vs243crystalcave,des128,provider128
129,Lady of the Moon,,vs13ladyofmoon,FALSE,#N/A,,https://demogamesfree.pragmaticplay.net/gs2c/openGame.do?lang=id&cur=IDR&gameSymbol=vs13ladyofmoon,https://demogamesfree-asia.pragmaticplay.net/gs2c/openGame.do?lang=id&cur=IDR&gameSymbol=vs13ladyofmoon,des129,provider129
130,Great Reef,,vs25sea,FALSE,#N/A,,https://demogamesfree.pragmaticplay.net/gs2c/openGame.do?lang=id&cur=IDR&gameSymbol=vs25sea,https://demogamesfree-asia.pragmaticplay.net/gs2c/openGame.do?lang=id&cur=IDR&gameSymbol=vs25sea,des130,provider130
131,Irish Charms,,cs3irishcharms,FALSE,#N/A,,https://demogamesfree.pragmaticplay.net/gs2c/openGame.do?lang=id&cur=IDR&gameSymbol=cs3irishcharms,https://demogamesfree-asia.pragmaticplay.net/gs2c/openGame.do?lang=id&cur=IDR&gameSymbol=cs3irishcharms,des131,provider131
132,Leprechaun Carol,,vs20leprexmas,FALSE,#N/A,,https://demogamesfree.pragmaticplay.net/gs2c/openGame.do?lang=id&cur=IDR&gameSymbol=vs20leprexmas,https://demogamesfree-asia.pragmaticplay.net/gs2c/openGame.do?lang=id&cur=IDR&gameSymbol=vs20leprexmas,des132,provider132
133,5 Lions Gold,,vs243lionsgold,FALSE,#N/A,,https://demogamesfree.pragmaticplay.net/gs2c/openGame.do?lang=id&cur=IDR&gameSymbol=vs243lionsgold,https://demogamesfree-asia.pragmaticplay.net/gs2c/openGame.do?lang=id&cur=IDR&gameSymbol=vs243lionsgold,des133,provider133
134,Tree of Riches,,vs1fortunetree,FALSE,#N/A,,https://demogamesfree.pragmaticplay.net/gs2c/openGame.do?lang=id&cur=IDR&gameSymbol=vs1fortunetree,https://demogamesfree-asia.pragmaticplay.net/gs2c/openGame.do?lang=id&cur=IDR&gameSymbol=vs1fortunetree,des134,provider134
135,Three Star Fortune,,vs10threestar,FALSE,#N/A,,https://demogamesfree.pragmaticplay.net/gs2c/openGame.do?lang=id&cur=IDR&gameSymbol=vs10threestar,https://demogamesfree-asia.pragmaticplay.net/gs2c/openGame.do?lang=id&cur=IDR&gameSymbol=vs10threestar,des135,provider135
136,Hercules & Pegasus,,vs20hercpeg,FALSE,#N/A,,https://demogamesfree.pragmaticplay.net/gs2c/openGame.do?lang=id&cur=IDR&gameSymbol=vs20hercpeg,https://demogamesfree-asia.pragmaticplay.net/gs2c/openGame.do?lang=id&cur=IDR&gameSymbol=vs20hercpeg,des136,provider136
137,Panda's Fortune,,vs25pandagold,FALSE,#N/A,,https://demogamesfree.pragmaticplay.net/gs2c/openGame.do?lang=id&cur=IDR&gameSymbol=vs25pandagold,https://demogamesfree-asia.pragmaticplay.net/gs2c/openGame.do?lang=id&cur=IDR&gameSymbol=vs25pandagold,des137,provider137
138,The Catfather Part II,,vs30catz,FALSE,#N/A,,https://demogamesfree.pragmaticplay.net/gs2c/openGame.do?lang=id&cur=IDR&gameSymbol=vs30catz,https://demogamesfree-asia.pragmaticplay.net/gs2c/openGame.do?lang=id&cur=IDR&gameSymbol=vs30catz,des138,provider138
139,The Catfather,,vs9catz,FALSE,#N/A,,https://demogamesfree.pragmaticplay.net/gs2c/openGame.do?lang=id&cur=IDR&gameSymbol=vs9catz,https://demogamesfree-asia.pragmaticplay.net/gs2c/openGame.do?lang=id&cur=IDR&gameSymbol=vs9catz,des139,provider139
140,KTV,,vs15ktv,FALSE,#N/A,,https://demogamesfree.pragmaticplay.net/gs2c/openGame.do?lang=id&cur=IDR&gameSymbol=vs15ktv,https://demogamesfree-asia.pragmaticplay.net/gs2c/openGame.do?lang=id&cur=IDR&gameSymbol=vs15ktv,des140,provider140
141,Hockey League,,vs20hockey,FALSE,#N/A,,https://demogamesfree.pragmaticplay.net/gs2c/openGame.do?lang=id&cur=IDR&gameSymbol=vs20hockey,https://demogamesfree-asia.pragmaticplay.net/gs2c/openGame.do?lang=id&cur=IDR&gameSymbol=vs20hockey,des141,provider141
142,Sugar Rush Summer Time,,vs20cms,FALSE,#N/A,,https://demogamesfree.pragmaticplay.net/gs2c/openGame.do?lang=id&cur=IDR&gameSymbol=vs20cms,https://demogamesfree-asia.pragmaticplay.net/gs2c/openGame.do?lang=id&cur=IDR&gameSymbol=vs20cms,des142,provider142
143,Sugar Rush Winter,,vs20cw,FALSE,#N/A,,https://demogamesfree.pragmaticplay.net/gs2c/openGame.do?lang=id&cur=IDR&gameSymbol=vs20cw,https://demogamesfree-asia.pragmaticplay.net/gs2c/openGame.do?lang=id&cur=IDR&gameSymbol=vs20cw,des143,provider143
144,Sugar Rush Valentine's Day,,vs20cmv,FALSE,#N/A,,https://demogamesfree.pragmaticplay.net/gs2c/openGame.do?lang=id&cur=IDR&gameSymbol=vs20cmv,https://demogamesfree-asia.pragmaticplay.net/gs2c/openGame.do?lang=id&cur=IDR&gameSymbol=vs20cmv,des144,provider144
145,Diamonds are Forever 3 Lines,,cs3w,FALSE,#N/A,,https://demogamesfree.pragmaticplay.net/gs2c/openGame.do?lang=id&cur=IDR&gameSymbol=cs3w,https://demogamesfree-asia.pragmaticplay.net/gs2c/openGame.do?lang=id&cur=IDR&gameSymbol=cs3w,des145,provider145
146,Wolf Gold Scratchcard,,scwolfgold,FALSE,#N/A,,https://demogamesfree.pragmaticplay.net/gs2c/openGame.do?lang=id&cur=IDR&gameSymbol=scwolfgold,https://demogamesfree-asia.pragmaticplay.net/gs2c/openGame.do?lang=id&cur=IDR&gameSymbol=scwolfgold,des146,provider146
147,Gold Rush Scratchcard,,scgoldrush,FALSE,#N/A,,https://demogamesfree.pragmaticplay.net/gs2c/openGame.do?lang=id&cur=IDR&gameSymbol=scgoldrush,https://demogamesfree-asia.pragmaticplay.net/gs2c/openGame.do?lang=id&cur=IDR&gameSymbol=scgoldrush,des147,provider147
148,Queen of Gold Scratchcard,,scqog,FALSE,#N/A,,https://demogamesfree.pragmaticplay.net/gs2c/openGame.do?lang=id&cur=IDR&gameSymbol=scqog,https://demogamesfree-asia.pragmaticplay.net/gs2c/openGame.do?lang=id&cur=IDR&gameSymbol=scqog,des148,provider148
149,Hot Safari Scratchcard,,scsafari,FALSE,#N/A,,https://demogamesfree.pragmaticplay.net/gs2c/openGame.do?lang=id&cur=IDR&gameSymbol=scsafari,https://demogamesfree-asia.pragmaticplay.net/gs2c/openGame.do?lang=id&cur=IDR&gameSymbol=scsafari,des149,provider149
150,Panda Gold Scratchcard,,scpanda,FALSE,#N/A,,https://demogamesfree.pragmaticplay.net/gs2c/openGame.do?lang=id&cur=IDR&gameSymbol=scpanda,https://demogamesfree-asia.pragmaticplay.net/gs2c/openGame.do?lang=id&cur=IDR&gameSymbol=scpanda,des150,provider150
151,7 Piggies Scratchcard,,sc7piggies,FALSE,#N/A,,https://demogamesfree.pragmaticplay.net/gs2c/openGame.do?lang=id&cur=IDR&gameSymbol=sc7piggies,https://demogamesfree-asia.pragmaticplay.net/gs2c/openGame.do?lang=id&cur=IDR&gameSymbol=sc7piggies,des151,provider151
152,Diamond Strike Scratchcard,,scdiamond,FALSE,#N/A,,https://demogamesfree.pragmaticplay.net/gs2c/openGame.do?lang=id&cur=IDR&gameSymbol=scdiamond,https://demogamesfree-asia.pragmaticplay.net/gs2c/openGame.do?lang=id&cur=IDR&gameSymbol=scdiamond,des152,provider152
153,Wild Gladiators,,vs25gladiator,FALSE,#N/A,,https://demogamesfree.pragmaticplay.net/gs2c/openGame.do?lang=id&cur=IDR&gameSymbol=vs25gladiator,https://demogamesfree-asia.pragmaticplay.net/gs2c/openGame.do?lang=id&cur=IDR&gameSymbol=vs25gladiator,des153,provider153
154,Ancient Egypt Classic,,vs10egyptcls,FALSE,#N/A,,https://demogamesfree.pragmaticplay.net/gs2c/openGame.do?lang=id&cur=IDR&gameSymbol=vs10egyptcls,https://demogamesfree-asia.pragmaticplay.net/gs2c/openGame.do?lang=id&cur=IDR&gameSymbol=vs10egyptcls,des154,provider154
155,Master Chen's Fortune,,vs9chen,FALSE,#N/A,,https://demogamesfree.pragmaticplay.net/gs2c/openGame.do?lang=id&cur=IDR&gameSymbol=vs9chen,https://demogamesfree-asia.pragmaticplay.net/gs2c/openGame.do?lang=id&cur=IDR&gameSymbol=vs9chen,des155,provider155
156,Wild Pixies,,vs20wildpix,FALSE,#N/A,,https://demogamesfree.pragmaticplay.net/gs2c/openGame.do?lang=id&cur=IDR&gameSymbol=vs20wildpix,https://demogamesfree-asia.pragmaticplay.net/gs2c/openGame.do?lang=id&cur=IDR&gameSymbol=vs20wildpix,des156,provider156
157,Egyptian Fortunes,,vs20egypttrs,FALSE,#N/A,,https://demogamesfree.pragmaticplay.net/gs2c/openGame.do?lang=id&cur=IDR&gameSymbol=vs20egypttrs,https://demogamesfree-asia.pragmaticplay.net/gs2c/openGame.do?lang=id&cur=IDR&gameSymbol=vs20egypttrs,des157,provider157
158,Caishens Cash,,vs243caishien,FALSE,#N/A,,https://demogamesfree.pragmaticplay.net/gs2c/openGame.do?lang=id&cur=IDR&gameSymbol=vs243caishien,https://demogamesfree-asia.pragmaticplay.net/gs2c/openGame.do?lang=id&cur=IDR&gameSymbol=vs243caishien,des158,provider158
159,Pirate Gold,,vs40pirate,FALSE,#N/A,,https://demogamesfree.pragmaticplay.net/gs2c/openGame.do?lang=id&cur=IDR&gameSymbol=vs40pirate,https://demogamesfree-asia.pragmaticplay.net/gs2c/openGame.do?lang=id&cur=IDR&gameSymbol=vs40pirate,des159,provider159
160,Triple Jokers,,vs5trjokers,FALSE,#N/A,,https://demogamesfree.pragmaticplay.net/gs2c/openGame.do?lang=id&cur=IDR&gameSymbol=vs5trjokers,https://demogamesfree-asia.pragmaticplay.net/gs2c/openGame.do?lang=id&cur=IDR&gameSymbol=vs5trjokers,des160,provider160
161,Monkey Warrior,,vs243mwarrior,FALSE,#N/A,,https://demogamesfree.pragmaticplay.net/gs2c/openGame.do?lang=id&cur=IDR&gameSymbol=vs243mwarrior,https://demogamesfree-asia.pragmaticplay.net/gs2c/openGame.do?lang=id&cur=IDR&gameSymbol=vs243mwarrior,des161,provider161
162,John Hunter and the Aztec Treasure,,vs7776secrets,FALSE,#N/A,,https://demogamesfree.pragmaticplay.net/gs2c/openGame.do?lang=id&cur=IDR&gameSymbol=vs7776secrets,https://demogamesfree-asia.pragmaticplay.net/gs2c/openGame.do?lang=id&cur=IDR&gameSymbol=vs7776secrets,des162,provider162
163,Vampires vs Wolves,,vs10vampwolf,FALSE,#N/A,,https://demogamesfree.pragmaticplay.net/gs2c/openGame.do?lang=id&cur=IDR&gameSymbol=vs10vampwolf,https://demogamesfree-asia.pragmaticplay.net/gs2c/openGame.do?lang=id&cur=IDR&gameSymbol=vs10vampwolf,des163,provider163
164,Hot Chilli,,vs9hotroll,FALSE,#N/A,,https://demogamesfree.pragmaticplay.net/gs2c/openGame.do?lang=id&cur=IDR&gameSymbol=vs9hotroll,https://demogamesfree-asia.pragmaticplay.net/gs2c/openGame.do?lang=id&cur=IDR&gameSymbol=vs9hotroll,des164,provider164
165,The Great Chicken Escape,,vs20chicken,FALSE,#N/A,,https://demogamesfree.pragmaticplay.net/gs2c/openGame.do?lang=id&cur=IDR&gameSymbol=vs20chicken,https://demogamesfree-asia.pragmaticplay.net/gs2c/openGame.do?lang=id&cur=IDR&gameSymbol=vs20chicken,des165,provider165
166,Super Joker,,vs5spjoker,FALSE,#N/A,,https://demogamesfree.pragmaticplay.net/gs2c/openGame.do?lang=id&cur=IDR&gameSymbol=vs5spjoker,https://demogamesfree-asia.pragmaticplay.net/gs2c/openGame.do?lang=id&cur=IDR&gameSymbol=vs5spjoker,des166,provider166
167,Curse of the Werewolf Megaways,,vswayswerewolf,FALSE,#N/A,,https://demogamesfree.pragmaticplay.net/gs2c/openGame.do?lang=id&cur=IDR&gameSymbol=vswayswerewolf,https://demogamesfree-asia.pragmaticplay.net/gs2c/openGame.do?lang=id&cur=IDR&gameSymbol=vswayswerewolf,des167,provider167
168,Emerald Kig,,vs20eking,FALSE,#N/A,,https://demogamesfree.pragmaticplay.net/gs2c/openGame.do?lang=id&cur=IDR&gameSymbol=vs20eking,https://demogamesfree-asia.pragmaticplay.net/gs2c/openGame.do?lang=id&cur=IDR&gameSymbol=vs20eking,des168,provider168
169,5 Lions Dance,,vs1024lionsd,FALSE,#N/A,,https://demogamesfree.pragmaticplay.net/gs2c/openGame.do?lang=id&cur=IDR&gameSymbol=vs1024lionsd,https://demogamesfree-asia.pragmaticplay.net/gs2c/openGame.do?lang=id&cur=IDR&gameSymbol=vs1024lionsd,des169,provider169
170,Pirate Gold Deluxe,,vs40pirgold,FALSE,#N/A,,https://demogamesfree.pragmaticplay.net/gs2c/openGame.do?lang=id&cur=IDR&gameSymbol=vs40pirgold,https://demogamesfree-asia.pragmaticplay.net/gs2c/openGame.do?lang=id&cur=IDR&gameSymbol=vs40pirgold,des170,provider170
171,Spartan King,,vs40spartaking,FALSE,#N/A,,https://demogamesfree.pragmaticplay.net/gs2c/openGame.do?lang=id&cur=IDR&gameSymbol=vs40spartaking,https://demogamesfree-asia.pragmaticplay.net/gs2c/openGame.do?lang=id&cur=IDR&gameSymbol=vs40spartaking,des171,provider171
172,John Hunter and the Mayan Gods,,vs10mayangods,FALSE,#N/A,,https://demogamesfree.pragmaticplay.net/gs2c/openGame.do?lang=id&cur=IDR&gameSymbol=vs10mayangods,https://demogamesfree-asia.pragmaticplay.net/gs2c/openGame.do?lang=id&cur=IDR&gameSymbol=vs10mayangods,des172,provider172
173,Voodoo Magic,,vs40voodoo,FALSE,#N/A,,https://demogamesfree.pragmaticplay.net/gs2c/openGame.do?lang=id&cur=IDR&gameSymbol=vs40voodoo,https://demogamesfree-asia.pragmaticplay.net/gs2c/openGame.do?lang=id&cur=IDR&gameSymbol=vs40voodoo,des173,provider173
174,Emerald King Rainbow Road,,vs20ekingrr,FALSE,#N/A,,https://demogamesfree.pragmaticplay.net/gs2c/openGame.do?lang=id&cur=IDR&gameSymbol=vs20ekingrr,https://demogamesfree-asia.pragmaticplay.net/gs2c/openGame.do?lang=id&cur=IDR&gameSymbol=vs20ekingrr,des174,provider174
175,Joker King,,vs25jokerking,FALSE,#N/A,,https://demogamesfree.pragmaticplay.net/gs2c/openGame.do?lang=id&cur=IDR&gameSymbol=vs25jokerking,https://demogamesfree-asia.pragmaticplay.net/gs2c/openGame.do?lang=id&cur=IDR&gameSymbol=vs25jokerking,des175,provider175
176,Eye of the Storm,,vs10eyestorm,FALSE,#N/A,,https://demogamesfree.pragmaticplay.net/gs2c/openGame.do?lang=id&cur=IDR&gameSymbol=vs10eyestorm,https://demogamesfree-asia.pragmaticplay.net/gs2c/openGame.do?lang=id&cur=IDR&gameSymbol=vs10eyestorm,des176,provider176
177,Dragon Kingdom - Eyes of Fire,,vs5drmystery,FALSE,#N/A,,https://demogamesfree.pragmaticplay.net/gs2c/openGame.do?lang=id&cur=IDR&gameSymbol=vs5drmystery,https://demogamesfree-asia.pragmaticplay.net/gs2c/openGame.do?lang=id&cur=IDR&gameSymbol=vs5drmystery,des177,provider177
178,Hot Fiesta,,vs25hotfiesta,FALSE,#N/A,,https://demogamesfree.pragmaticplay.net/gs2c/openGame.do?lang=id&cur=IDR&gameSymbol=vs25hotfiesta,https://demogamesfree-asia.pragmaticplay.net/gs2c/openGame.do?lang=id&cur=IDR&gameSymbol=vs25hotfiesta,des178,provider178
179,Wild Booster,,vs20wildboost,FALSE,#N/A,,https://demogamesfree.pragmaticplay.net/gs2c/openGame.do?lang=id&cur=IDR&gameSymbol=vs20wildboost,https://demogamesfree-asia.pragmaticplay.net/gs2c/openGame.do?lang=id&cur=IDR&gameSymbol=vs20wildboost,des179,provider179
180,Phoenix Forge,,vs20phoenixf,FALSE,#N/A,,https://demogamesfree.pragmaticplay.net/gs2c/openGame.do?lang=id&cur=IDR&gameSymbol=vs20phoenixf,https://demogamesfree-asia.pragmaticplay.net/gs2c/openGame.do?lang=id&cur=IDR&gameSymbol=vs20phoenixf,des180,provider180
181,The Amazing Money Machine,,vs10amm,FALSE,#N/A,,https://demogamesfree.pragmaticplay.net/gs2c/openGame.do?lang=id&cur=IDR&gameSymbol=vs10amm,https://demogamesfree-asia.pragmaticplay.net/gs2c/openGame.do?lang=id&cur=IDR&gameSymbol=vs10amm,des181,provider181
182,The Magic Cauldron - Enchanted Brew,,vs20magicpot,FALSE,#N/A,,https://demogamesfree.pragmaticplay.net/gs2c/openGame.do?lang=id&cur=IDR&gameSymbol=vs20magicpot,https://demogamesfree-asia.pragmaticplay.net/gs2c/openGame.do?lang=id&cur=IDR&gameSymbol=vs20magicpot,des182,provider182
183,Cash Elevator,,vs20terrorv,FALSE,#N/A,,https://demogamesfree.pragmaticplay.net/gs2c/openGame.do?lang=id&cur=IDR&gameSymbol=vs20terrorv,https://demogamesfree-asia.pragmaticplay.net/gs2c/openGame.do?lang=id&cur=IDR&gameSymbol=vs20terrorv,des183,provider183
184,Pandas Fortune 2,,vs25pandatemple,FALSE,#N/A,,https://demogamesfree.pragmaticplay.net/gs2c/openGame.do?lang=id&cur=IDR&gameSymbol=vs25pandatemple,https://demogamesfree-asia.pragmaticplay.net/gs2c/openGame.do?lang=id&cur=IDR&gameSymbol=vs25pandatemple,des184,provider184
185,Heart of Rio,,vs25rio,FALSE,#N/A,,https://demogamesfree.pragmaticplay.net/gs2c/openGame.do?lang=id&cur=IDR&gameSymbol=vs25rio,https://demogamesfree-asia.pragmaticplay.net/gs2c/openGame.do?lang=id&cur=IDR&gameSymbol=vs25rio,des185,provider185
186,Dragon Hot Hold and Win,,vs5drhs,FALSE,#N/A,,https://demogamesfree.pragmaticplay.net/gs2c/openGame.do?lang=id&cur=IDR&gameSymbol=vs5drhs,https://demogamesfree-asia.pragmaticplay.net/gs2c/openGame.do?lang=id&cur=IDR&gameSymbol=vs5drhs,des186,provider186
187,5 Lions Megaways,,vswayslions,FALSE,#N/A,,https://demogamesfree.pragmaticplay.net/gs2c/openGame.do?lang=id&cur=IDR&gameSymbol=vswayslions,https://demogamesfree-asia.pragmaticplay.net/gs2c/openGame.do?lang=id&cur=IDR&gameSymbol=vswayslions,des187,provider187
188,Rise of Samurai Megaways,,vswayssamurai,FALSE,#N/A,,https://demogamesfree.pragmaticplay.net/gs2c/openGame.do?lang=id&cur=IDR&gameSymbol=vswayssamurai,https://demogamesfree-asia.pragmaticplay.net/gs2c/openGame.do?lang=id&cur=IDR&gameSymbol=vswayssamurai,des188,provider188
189,Empty the Bank,,vs20emptybank,FALSE,#N/A,,https://demogamesfree.pragmaticplay.net/gs2c/openGame.do?lang=id&cur=IDR&gameSymbol=vs20emptybank,https://demogamesfree-asia.pragmaticplay.net/gs2c/openGame.do?lang=id&cur=IDR&gameSymbol=vs20emptybank,des189,provider189
190,Lucky Grace and Charm,,vs10luckcharm,FALSE,#N/A,,https://demogamesfree.pragmaticplay.net/gs2c/openGame.do?lang=id&cur=IDR&gameSymbol=vs10luckcharm,https://demogamesfree-asia.pragmaticplay.net/gs2c/openGame.do?lang=id&cur=IDR&gameSymbol=vs10luckcharm,des190,provider190
191,Book of Vikings,,vs10bookviking,FALSE,#N/A,,https://demogamesfree.pragmaticplay.net/gs2c/openGame.do?lang=id&cur=IDR&gameSymbol=vs10bookviking,https://demogamesfree-asia.pragmaticplay.net/gs2c/openGame.do?lang=id&cur=IDR&gameSymbol=vs10bookviking,des191,provider191
192,Chicken Drop,,vs20chickdrop,FALSE,#N/A,,https://demogamesfree.pragmaticplay.net/gs2c/openGame.do?lang=id&cur=IDR&gameSymbol=vs20chickdrop,https://demogamesfree-asia.pragmaticplay.net/gs2c/openGame.do?lang=id&cur=IDR&gameSymbol=vs20chickdrop,des192,provider192
193,Rise of Giza PowerNudge,,vs10nudgeit,FALSE,#N/A,,https://demogamesfree.pragmaticplay.net/gs2c/openGame.do?lang=id&cur=IDR&gameSymbol=vs10nudgeit,https://demogamesfree-asia.pragmaticplay.net/gs2c/openGame.do?lang=id&cur=IDR&gameSymbol=vs10nudgeit,des193,provider193
194,Yum Yum Powerways,,vswaysyumyum,FALSE,#N/A,,https://demogamesfree.pragmaticplay.net/gs2c/openGame.do?lang=id&cur=IDR&gameSymbol=vswaysyumyum,https://demogamesfree-asia.pragmaticplay.net/gs2c/openGame.do?lang=id&cur=IDR&gameSymbol=vswaysyumyum,des194,provider194
195,Treasure Wild,,vs20trsbox,FALSE,#N/A,,https://demogamesfree.pragmaticplay.net/gs2c/openGame.do?lang=id&cur=IDR&gameSymbol=vs20trsbox,https://demogamesfree-asia.pragmaticplay.net/gs2c/openGame.do?lang=id&cur=IDR&gameSymbol=vs20trsbox,des195,provider195
196,Mystic Chief,,vswayswest,FALSE,#N/A,,https://demogamesfree.pragmaticplay.net/gs2c/openGame.do?lang=id&cur=IDR&gameSymbol=vswayswest,https://demogamesfree-asia.pragmaticplay.net/gs2c/openGame.do?lang=id&cur=IDR&gameSymbol=vswayswest,des196,provider196
197,Cash Bonanza,,vswaysbankbonz,FALSE,#N/A,,https://demogamesfree.pragmaticplay.net/gs2c/openGame.do?lang=id&cur=IDR&gameSymbol=vswaysbankbonz,https://demogamesfree-asia.pragmaticplay.net/gs2c/openGame.do?lang=id&cur=IDR&gameSymbol=vswaysbankbonz,des197,provider197
198,Day of Dead,,vs20daydead,FALSE,#N/A,,https://demogamesfree.pragmaticplay.net/gs2c/openGame.do?lang=id&cur=IDR&gameSymbol=vs20daydead,https://demogamesfree-asia.pragmaticplay.net/gs2c/openGame.do?lang=id&cur=IDR&gameSymbol=vs20daydead,des198,provider198
199,Star Pirates Code,,vs10starpirate,FALSE,#N/A,,https://demogamesfree.pragmaticplay.net/gs2c/openGame.do?lang=id&cur=IDR&gameSymbol=vs10starpirate,https://demogamesfree-asia.pragmaticplay.net/gs2c/openGame.do?lang=id&cur=IDR&gameSymbol=vs10starpirate,des199,provider199
200,John Hunter and the Quest for Bermuda Riches,,vs20bermuda,FALSE,#N/A,,https://demogamesfree.pragmaticplay.net/gs2c/openGame.do?lang=id&cur=IDR&gameSymbol=vs20bermuda,https://demogamesfree-asia.pragmaticplay.net/gs2c/openGame.do?lang=id&cur=IDR&gameSymbol=vs20bermuda,des200,provider200
201,Big Juan,,vs40bigjuan,FALSE,#N/A,,https://demogamesfree.pragmaticplay.net/gs2c/openGame.do?lang=id&cur=IDR&gameSymbol=vs40bigjuan,https://demogamesfree-asia.pragmaticplay.net/gs2c/openGame.do?lang=id&cur=IDR&gameSymbol=vs40bigjuan,des201,provider201
202,Bounty Gold,,vs25btygold,FALSE,#N/A,,https://demogamesfree.pragmaticplay.net/gs2c/openGame.do?lang=id&cur=IDR&gameSymbol=vs25btygold,https://demogamesfree-asia.pragmaticplay.net/gs2c/openGame.do?lang=id&cur=IDR&gameSymbol=vs25btygold,des202,provider202
203,Big Bass Bonanza Megaways,,vswaysbbb,FALSE,#N/A,,https://demogamesfree.pragmaticplay.net/gs2c/openGame.do?lang=id&cur=IDR&gameSymbol=vswaysbbb,https://demogamesfree-asia.pragmaticplay.net/gs2c/openGame.do?lang=id&cur=IDR&gameSymbol=vswaysbbb,des203,provider203
204,Super X,,vs20superx,FALSE,#N/A,,https://demogamesfree.pragmaticplay.net/gs2c/openGame.do?lang=id&cur=IDR&gameSymbol=vs20superx,https://demogamesfree-asia.pragmaticplay.net/gs2c/openGame.do?lang=id&cur=IDR&gameSymbol=vs20superx,des204,provider204
205,Book of Fallen,,vs10bookfallen,FALSE,#N/A,,https://demogamesfree.pragmaticplay.net/gs2c/openGame.do?lang=id&cur=IDR&gameSymbol=vs10bookfallen,https://demogamesfree-asia.pragmaticplay.net/gs2c/openGame.do?lang=id&cur=IDR&gameSymbol=vs10bookfallen,des205,provider205
206,Christmas Big Bass Bonanza,,vs10bxmasbnza,FALSE,#N/A,,https://demogamesfree.pragmaticplay.net/gs2c/openGame.do?lang=id&cur=IDR&gameSymbol=vs10bxmasbnza,https://demogamesfree-asia.pragmaticplay.net/gs2c/openGame.do?lang=id&cur=IDR&gameSymbol=vs10bxmasbnza,des206,provider206
207,Smugglers Cove,,vs20smugcove,FALSE,#N/A,,https://demogamesfree.pragmaticplay.net/gs2c/openGame.do?lang=id&cur=IDR&gameSymbol=vs20smugcove,https://demogamesfree-asia.pragmaticplay.net/gs2c/openGame.do?lang=id&cur=IDR&gameSymbol=vs20smugcove,des207,provider207
208,Crystal Caverns Megaways,,vswayscryscav,FALSE,#N/A,,https://demogamesfree.pragmaticplay.net/gs2c/openGame.do?lang=id&cur=IDR&gameSymbol=vswayscryscav,https://demogamesfree-asia.pragmaticplay.net/gs2c/openGame.do?lang=id&cur=IDR&gameSymbol=vswayscryscav,des208,provider208
209,Hockey Attack,,vs88hockattack,FALSE,#N/A,,https://demogamesfree.pragmaticplay.net/gs2c/openGame.do?lang=id&cur=IDR&gameSymbol=vs88hockattack,https://demogamesfree-asia.pragmaticplay.net/gs2c/openGame.do?lang=id&cur=IDR&gameSymbol=vs88hockattack,des209,provider209
210,Magician's Secrets,,vs4096magician,FALSE,#N/A,,https://demogamesfree.pragmaticplay.net/gs2c/openGame.do?lang=id&cur=IDR&gameSymbol=vs4096magician,https://demogamesfree-asia.pragmaticplay.net/gs2c/openGame.do?lang=id&cur=IDR&gameSymbol=vs4096magician,des210,provider210
211,Wild Depths,,vs40wanderw,FALSE,#N/A,,https://demogamesfree.pragmaticplay.net/gs2c/openGame.do?lang=id&cur=IDR&gameSymbol=vs40wanderw,https://demogamesfree-asia.pragmaticplay.net/gs2c/openGame.do?lang=id&cur=IDR&gameSymbol=vs40wanderw,des211,provider211
212,Baccarat,,bca,FALSE,#N/A,,https://demogamesfree.pragmaticplay.net/gs2c/openGame.do?lang=id&cur=IDR&gameSymbol=bca,https://demogamesfree-asia.pragmaticplay.net/gs2c/openGame.do?lang=id&cur=IDR&gameSymbol=bca,des212,provider212
213,Da Vinci's Treasure,,vs25davinci,FALSE,#N/A,,https://demogamesfree.pragmaticplay.net/gs2c/openGame.do?lang=id&cur=IDR&gameSymbol=vs25davinci,https://demogamesfree-asia.pragmaticplay.net/gs2c/openGame.do?lang=id&cur=IDR&gameSymbol=vs25davinci,des213,provider213
214,Fortune of Giza,,vs20amuleteg,FALSE,#N/A,,https://demogamesfree.pragmaticplay.net/gs2c/openGame.do?lang=id&cur=IDR&gameSymbol=vs20amuleteg,https://demogamesfree-asia.pragmaticplay.net/gs2c/openGame.do?lang=id&cur=IDR&gameSymbol=vs20amuleteg,des214,provider214
215,Super X,,vs20superx,FALSE,#N/A,,https://demogamesfree.pragmaticplay.net/gs2c/openGame.do?lang=id&cur=IDR&gameSymbol=vs20superx,https://demogamesfree-asia.pragmaticplay.net/gs2c/openGame.do?lang=id&cur=IDR&gameSymbol=vs20superx,des215,provider215
216,Lucky New Year Tiger Treasures,,vs25tigeryear,FALSE,#N/A,,https://demogamesfree.pragmaticplay.net/gs2c/openGame.do?lang=id&cur=IDR&gameSymbol=vs25tigeryear,https://demogamesfree-asia.pragmaticplay.net/gs2c/openGame.do?lang=id&cur=IDR&gameSymbol=vs25tigeryear,des216,provider216
217,Bonanza Gold,,vs20bonzgold,FALSE,#N/A,,https://demogamesfree.pragmaticplay.net/gs2c/openGame.do?lang=id&cur=IDR&gameSymbol=vs20bonzgold,https://demogamesfree-asia.pragmaticplay.net/gs2c/openGame.do?lang=id&cur=IDR&gameSymbol=vs20bonzgold,des217,provider217
218,Hokkaido Wolf,,vs576hokkwolf,FALSE,#N/A,,https://demogamesfree.pragmaticplay.net/gs2c/openGame.do?lang=id&cur=IDR&gameSymbol=vs576hokkwolf,https://demogamesfree-asia.pragmaticplay.net/gs2c/openGame.do?lang=id&cur=IDR&gameSymbol=vs576hokkwolf,des218,provider218
219,Aztec King Megaways,,vswaysaztecking,FALSE,#N/A,,https://demogamesfree.pragmaticplay.net/gs2c/openGame.do?lang=id&cur=IDR&gameSymbol=vswaysaztecking,https://demogamesfree-asia.pragmaticplay.net/gs2c/openGame.do?lang=id&cur=IDR&gameSymbol=vswaysaztecking,des219,provider219
220,Raging Bull,,vs243chargebull,FALSE,#N/A,,https://demogamesfree.pragmaticplay.net/gs2c/openGame.do?lang=id&cur=IDR&gameSymbol=vs243chargebull,https://demogamesfree-asia.pragmaticplay.net/gs2c/openGame.do?lang=id&cur=IDR&gameSymbol=vs243chargebull,des220,provider220
221,Candy Village,,vs20candvil,FALSE,#N/A,,https://demogamesfree.pragmaticplay.net/gs2c/openGame.do?lang=id&cur=IDR&gameSymbol=vs20candvil,https://demogamesfree-asia.pragmaticplay.net/gs2c/openGame.do?lang=id&cur=IDR&gameSymbol=vs20candvil,des221,provider221
222,Bubble Pop,,vs10bblpop,FALSE,#N/A,,https://demogamesfree.pragmaticplay.net/gs2c/openGame.do?lang=id&cur=IDR&gameSymbol=vs10bblpop,https://demogamesfree-asia.pragmaticplay.net/gs2c/openGame.do?lang=id&cur=IDR&gameSymbol=vs10bblpop,des222,provider222